ID;telephone;phoneRAI;website;Response;Comments;email_1;sector;company 200403 15:02
DE053515W;+49 6631 9110557;------>N:--------;www.ger-technology.de;;;fateev@gmx.de;DST;GERMAN TECHNOLOGY MICHAEL FATEEV E. K.
DE002475K;49 25670;;http://www.produktionsanlagen.de;;;faude@faude.de;PST;FAUDE Produktionsanlagen GmbH
DE051918W;+49 69 5480950;;www.fbc.de;;;fbc@fbc.de;PST;FBC BUSINESS CONSULTING GMBH
DE051940W;+49 176 70117497;;www.home.mobile.de;;;fd-gmbh@gmx.de;DST;FD GMBH
DE051937E;+49 8331 9539 0;;;;;fdinfo@fleischerdienst.de;DST;FD - FLEISCHERDIENST ALLGAEU/SCHWABEN EG
DE056000W;+49 30 959981130;;www.bike-mailorder.de;;;feedback@bike-mailorder.de;DST;HOCO ONLINE GMBH
DE003573K;49 5456222;;http://www.felbers.de;;;Felbers-Grosshandel@t-online.de;DST;Felber's Großhandel
DE052003W;+49 8122 9548721;;;;;felsner_gendig@yahoo.de;CON;FELSNER UND GENDIG, RAUM UND WOHNEN GMBH
DE065955W;+49 30 62609706;;www.fenster-preiswert.eu/48;;;fenster@pietrewicz-bau.de;CON;PIETREWICZ-BAU UG (HAFTUNGSBESCHRAENKT)
DE001747K;49 360090;;http://www.fezer.com;;;Fezer@Fezer.de;PST;Albert Fezer Maschinenfabrik GmbH
DE059150W;+49 40 18165100;;;;;fh04279@gmail.com;DST;KEVIN INTERNATIONAL GMBH
DE047118W;+49 89 3580676;;www.cembre.de;;;fibu@cembre.de;DST;CEMBRE GMBH
DE047814F;+49 9622 30 0;;;;;filiale.regensburg@conrad.de;DST;CONRAD ELECTRONIC REGENSBURG GMBH & CO. KG
DE068768W;+49 40 328110 50;;www.schlueter-maack.de;;;finance@schlueter-maack.de;DST;SCHLUETER & MAACK GMBH
DE055687F;+49 2736 27112;;;;;finanzen-service@hering-bau.de;CON;HERING GMBH & CO. KG VERWALTUNGSGESELLSCHAFT
DE003273K;49 9366810;;http://www.finetech.de;;;finetech@finetech.de;DST;Finetech GmbH & Co. KG
DE047383F;+49 711 305020;;;;;fischer@kaeltefischer.de;DST;CHRISTOF FISCHER GMBH
DE052261W;+49 2552 702624 0;;www.farm-innovation-team.de;;;fit@farm-innovation-team.de;DST;FIT FARM INNOVATION TEAM GMBH
DE046488F;+49 421 45860;;;;;fittings.hb@buhlmann.de;DST;BUHLMANN ROHR-FITTINGS-STAHLHANDEL GMBH + CO. KG.
DE052336W;+49 800 2122114 2300;;www.fliesenoutlet-hannover.pblo.de;;;fliesenoutlet-hannover@online.de;DST;FLIESEN OUTLET HANNOVER  GMBH & CO. KG
DE052317W;+49 2590 9139131;;;;;flingris@aol.com;DST;FLEUR INGRIS BLUMEN- IMPORT EXPORT GMBH
DE064671W;+49 281 50830;;www.oelsner-gmbh.de;;;flintrop@oelsner-gmbh.de;DST;OELSNER MASCHINEN UND ANLAGEN GMBH
DE071254W;+49 30 49902502;;;;;floracarpet@floracarpet.com;DST;TCC TURKISH CARPET CENTER GMBH
DE003909K;49 50890;;http://www.hobbhahn.de;;;Florian.Hobbhahn@hobbhahn.de;PST;Werner Hobbhahn Gesellschaft für Personal-Marketing mbH
DE052347W;+49 651 827880;;www.flosser.com;;;flosser@flosser.com;DST;FLOESSER GMBH & CO. KG
DE044643W;+49 3578 3749581;;www.bach-messtechnik.de;;;fmlvq@bach-messtechnik.de;DST;BACH-MESSTECHNIK GMBH
DE052410W;+49 431 363656;;;;;foerdehandel@arcor.de;DST;FOERDEHANDEL, FOERDETEX & LIFE VERANSTALTUNGSZENTRUM GMBH
DE057598E;+49 421 65727 390;;;;;food.germany@intertek.com;PST;INTERTEK FOOD SERVICES GMBH
DE057501W;+49 5732 730583;;www.interform.de;;;forgacs@inter-fero.de;DST;INTERFORM GMBH
DE003195K;49 7060111;;http://www.xella.de;;;forschung@xella.com;PST;Xella Technologie- und Forschungsgesellschaft mbH
DE052654F;+49 30 22641200;;;;;fp-gmbh-berlin@etl.de;PST;FREUND & PARTNER GMBH STEUERBERATUNGSGESELLSCHAFT
DE068493E;+49 8654 475 0;;;;;fr@sanitaer-heinze.com;DST;SANITAER-HEINZE GMBH & CO. KG
DE003804K;49 941430;;http://www.bechtle.com;;;frankfurt@bechtle.com;ICT;Bechtle GmbH IT-Systemhaus Frankfurt
DE045298F;+49 69 710404 0;;;;;frankfurt@bene.com;DST;BENE GMBH
DE004543K;49 680250;;http://www.ifigmbh.com;;;frankfurt@ifigmbh.com;PST;Ifi Ingenieurbüro für Industrieanlagen GmbH
DE041851W;+49 211 719072;;;;;frantzen.brandt@t-online.de;DST;ADOLF FRANTZEN & BRANDT
DE060658W;+49 6894 6717;;;;;franz@linea-classica.igb.uunet.de;DST;LINEA CLASSICA AUTOMOBILE GMBH
DE053925W;+49 69 68602580;;www.globexfood.de;;;fredhaferkamp@globexfood.de;DST;GLOBEX FOOD E.K.
DE044205W;+49 3731 459544;;www.automobil-outlet.de;;;freiberg@automobil-outlet.de;DST;AUTOMOBIL-OUTLET SACHSEN KUBE & JOSEPHI GMBH & CO. KG
DE052610W;+49 8731 327593;;www.freiberger-photovoltaik.com;;;freiberger.elektro@t-online.de;CON;FREIBERGER ENERGIE- UND GEBAEUDETECHNIK GMBH
DE052617W;+49 4754 8350;;www.freimuth-abbruch.de;;;freimuth-buelkau@t-online.de;DST;FREIMUTH BAUMASCHINENHANDEL GMBH, IMPORT - EXPORT, REPARATURWERKSTATT
DE052778W;+49 2154 8842931;;;;;friedhelm.kraks@fruvital.de;DST;FRUTA NOVESIA FRUCHTHANDELSGESELLSCHAFT MBH
DE001195K;49 13995280;;http://www.smithandmiller.de;;;frontdesk@smithandmiller.de;PST;Smith&Miller GmbH
DE052767W;+49 69 50984717;;www.fruechtestern.de;;;fruchtestern@hotmail.com;DST;FRUECHTE STERN FRANKFURT GMBH & CO. KG.
DE052801F;+49 2161 495249 0;;;;;fsp@fsp-ps.de;DST;FSP POWER SOLUTION GMBH
DE051911W;+49 8191 947253;;www.faymonville.com;;;fts@faymonville.com;DST;FAYMONVILLE - TRADE AND SERVICES GMBH
DE052814W;+49 8051 965578 0;;www.ftsag.com;;;fts@ftsag.com;DST;FTS FLUID-TECHNIK U.  SYSTEME AG
DE001232K;49 30936510;;http://www.fugro.com;;;fugro@fugro.com;PST;FUGRO CONSULT GMBH
DE073721E;+49 4921 9670;;;;;funa.de@wartsia.com;PST;WAERTSILAE FUNA INTERNATIONAL GMBH
DE052884W;+49 2631 3440 0;;www.funtime-parts.de;;;funtime@funtime-parts.de;DST;FUNTIME GMBH
DE001519K;49 3063926155;;http://www.tsi-telematic.de;;;g.baumgarten@tsi-telematic.com;PST;TSI Telematic Services GmbH
DE062635W;+49 40 75277 270;;www.mhg-deutschland.de;;;g.brinkmann@mhg-deutschland.de;DST;MHG MODE + MARKEN HANDELS GMBH
DE053446W;+49 6181 77077;;www.denecke-gvfrischdienst.de;;;g.denecke@t-online.de;DST;GERHARD DENECKE MOLKEREIERZEUGNISSE GESELLSCHAFT MIT BESCHRAENKTER HAFTUNG
DE054155W;+49 9971 2348;;www.impex-kiefl.de;;;g.kiefl@t-online.de;DST;GOTTFRIED KIEFL IMPORT-EXPORT GMBH
DE071910W;+49 40 2270909;;www.tk-scampi.de;;;g.maretzky@tk-scampi.de;DST;TK-SCAMPI GUENTHER MARETZKY
DE053026W;;;;;;g.s.sommer@t-online.de;DST;G.S. SOMMER GESELLSCHAFT FUER IMPORT & EXPORT MBH
DE047846W;+49 211 552711;;www.saitta.de;;;g.saitta@saitta.de;DST;CONTEVINI GMBH
DE053051W;+49 7134 5169084;;www.gaco-loy.de;;;gacoloy@aol.com;ICT;GACO LOY GMBH
DE053085W;+49 5184 950637;;www.galuna.de;;;galuna@galuna.de;DST;GALUNA GMBH
DE052943W;+49 421 3475656;;www.gu-aaa.com;;;gandu@gu-aaa.com;DST;G & U INTERNATIONAL GMBH
DE053117W;+49 231 731250;;;;;gao@gaoli.de;DST;GAOLI IMPORT EXPORT GMBH
DE073154W;+49 9221 8780930;;www.tanriverdi.com;;;gardinen@verdi-collection.de;DST;VERDI COLLECTION GMBH
DE053187F;+49 911 42465 0;;;;;gauff-nue@gauff.net;PST;GAUFF GMBH & CO. ENGINEERING KG
DE074243W;+49 4183 778163;;www.whitepool.de;;;gcontu@whitepool.de;DST;WHITEPOOL GMBH
DE064698E;+49 2246 4612 0;;;;;gdpr@walterscheid.com;DST;OFF-HIGHWAY POWERTRAIN SERVICES GERMANY GMBH
DE046443W;+49 4298 937510;;;;;geb@gebuchholz.de;DST;BUCHHOLZ GMBH
DE059737W;+49 4202 7701;;www.machine-trade.de;;;gebrauchtmaschinen@t-online.de;DST;KRAUSE MASCHINENHANDELS- & SERVICE GMBH
DE062420F;+49 6151 3599499;;;;;gecustomerservice@millipore.com;DST;MERCK CHEMICALS GMBH
DE053250E;+49 2233 6010;;;;;geithuerthinfo@ge.com;DST;GE SENSING & INSPECTION TECHNOLOGIES GMBH
DE053325W;+49 4141 3926;;;;;gelstar@t-online.de;DST;GEL-STAR IMPORT-EXPORT GMBH
DE044902W;+49 30 2522430;;;;;gemuesebauer1@aol.com;DST;BAUER KRAEUTER GROSSHANDEL GMBH
DE001222K;49 8060;;http://www.de.tuv.com;;;genau.richtig@de.tuv.com;PST;TÜV Rheinland AG
DE063903W;+49 40 611833 0;;www.nelsons.net;;;generalemails@nelsons.net;DST;NELSONS GMBH
DE053367W;+49 35602 22439;;;;;genilkemotorcycles@googlemail.com;DST;GENILKE UG (HAFTUNGSBESCHRAENKT)
DE002243K;49 236250;;http://www.bureauveritas.de;;;ger_hbr@de.bureauveritas.com;PST;Bureau Veritas S.A. Zweigniederlassung Hamburg
DE054626W;+49 2433 4587570;;;;;gerd.jaeger@gwv-heinsberg.de;PST;GWV GESELLSCHAFT FUER WERBUNG UND VERTRIEB MBH
DE053449W;+49 6187 909883;;gerhard-schmidt-gmbh.de;;;gerhardschmidtgmbh@t-online.de;DST;GERHARD SCHMIDT GMBH
DE053457W;+49 157 59471742;;;;;gerikegmbh@web.de;DST;GERIKE GMBH
DE000094K;49 331236;;;;;Gerimex@aol.com;DST;GERIMEX Außenhandel GmbH
DE053533W;+49 30 3248723;;www.mptservice.de;;;germania@mptservice.de;DST;GERMANIA VERTRIEBS GMBH
DE052514W;;;www.4js.com;;;germany@4js.com;DST;FOUR J'S DEVELOPMENT TOOLS SOFTWARE VERTRIEBS GMBH
DE041672F;+49 211 538217 0;;;;;germany@achilles.com;PST;ACHILLES INFORMATION GMBH
DE042030E;+49 201 80987 100;;;;;germany@aglobis.com;DST;AGLOBIS GMBH
DE045116F;+49 69 13022 0;;;;;germany@bearingpoint.com;PST;BEARINGPOINT GMBH
DE045339F;+49 40 81909 0;;;;;germany@berendsohn.com;DST;BERENDSOHN AKTIENGESELLSCHAFT
DE048167W;+49 40 309767 0;;www.ctc-group.com;;;germany@ctc-goup.com;DST;CURACAO TRADING COMPANY, GESELLSCHAFT MIT BESCHRAENKTER HAFTUNG
DE049230E;+49 211 4185660;;;;;germany@diesel.com;DST;DIESEL DEUTSCHLAND GMBH
DE050880W;+49 69 92042 0;;www.equinix.com;;;germany@eu.equinix.com;ICT;EQUINIX (GERMANY) GMBH
DE051872F;+49 4261 84080;;;;;germany@fasek.com;PST;FASEK ENGINEERING AND PRODUCTION GMBH
DE001279K;49 71189989145;;http://www.gatewaytechnolabs.de;;;germany@gatewaytechnolabs.com;ICT;Gateway TechnoLabs GmbH
DE053229F;+49 421 89676617;;;;;germany@gcp-service.com;PST;GCP-SERVICE INTERNATIONAL LTD. & CO. KG
DE055608W;+49 208 62040;;www.hempel-metals.com;;;germany@hempel-metals.com;DST;HEMPEL SPECIAL METALS GMBH
DE056816W;+49 6175 79791 0;;www.iewc.de;;;germany@iewc.com;DST;IEWC GERMANY GMBH
DE057597E;+49 711 273110;;;;;germany@intertek.com;PST;INTERTEK DEUTSCHLAND GMBH
DE056191F;+49 211 959595 0;;;;;germany@kurvers.com;DST;HORST KUERVERS GMBH
DE060100W;;;www.lafuma.de;;;germany@lafuma.de;DST;LAFUMA GROUP GMBH
DE060164W;+49 173 4360832;;www.landorlogistics.de;;;germany@landorlogistics.com;DST;LANDOR LOGISTICS GMBH
DE060792W;+49 69 719189 37;;www.locknlock.com;;;germany@locknlock.com;DST;LOCK & LOCK GMBH
DE063266W;+49 6155 842900;;www.motovario.de;;;germany@motovario-group.com;DST;MOTOVARIO GMBH
DE003413K;49 74150;----->N:-------;http://www.ndt-ag.de;;03-04-2020 15:02;germany@ndt-global.com;PST;NDT Abwicklungs AG
